Model,Accuracy,Precision,Recall,ROC-AUC
logistic regression,0.8086314593980692,0.6540284360189573,0.5910064239828694,0.8555993897050793
Random Forest,0.797274275979557,0.6494565217391305,0.5117773019271948,0.8396685079215883
XGBOOST,0.7830777967064169,0.6059850374064838,0.5203426124197003,0.8354445985258928
KNN,0.7751277683134583,0.5738045738045738,0.5910064239828694,0.7955917444704435
DT,0.7444633730834753,0.5184381778741866,0.5117773019271948,0.6710042065338623
